NAME,Naegleria gruberi
ATG,M,180198
AAC,N,114144
ACC,T,77407
TCA,S,230849
AAA,K,319792
GGT,G,151892
TTG,L,237692
GTT,V,225717
CGA,R,22002
GAC,D,76457
TTT,F,233995
GAT,D,339460
TCT,S,183668
TGT,C,108705
ACT,T,186145
GCA,A,116428
CAA,Q,292635
TTC,F,143697
TGC,C,28906
AAT,N,410289
CCT,P,90203
ATT,I,387296
GGA,G,178266
TGG,W,62763
AGC,S,43698
GTA,V,93061
TTA,L,189083
CAT,H,108071
ACA,T,190326
GCT,A,153770
GAA,E,423462
TAT,Y,206829
AGT,S,154243
TCC,S,85162
CCA,P,181277
CTT,L,125936
CGT,R,33286
GCC,A,66885
CAG,Q,40686
GGC,G,25380
TAC,Y,78758
GTC,V,59860
AAG,K,276486
GAG,E,114544
CTA,L,48703
ATC,I,86195
GTG,V,63969
CTG,L,32603
CTC,L,79817
CGG,R,2740
AGA,R,204564
ATA,I,84359
AGG,R,28324
CCG,P,8288
TCG,S,38476
ACG,T,17113
CGC,R,2721
TAA,-,11666
CAC,H,54996
GCG,A,6226
TGA,-,1751
CCC,P,15285
GGG,G,12679
TAG,-,1658