NAME, Dictyostelium discoideum
ATG,M,109609
GCA,A,115301
CCT,P,41030
GGC,G,14896
CAG,Q,13430
TCG,S,16152
TCT,S,108004
TTC,F,95097
AGA,R,139532
GAT,D,332657
GAA,E,345324
TCA,S,351813
CAA,Q,340883
ATC,I,77364
GAC,D,31433
AGT,S,157107
AAT,N,711737
GAG,E,62278
TTA,L,397622
CTG,L,2719
ACT,T,145653
GGA,G,63312
GTT,V,165433
CAT,H,104689
CCA,P,223704
ATT,I,362097
CGG,R,415
ACA,T,212036
CGC,R,629
AAC,N,81903
CTA,L,36361
TGC,C,10616
CGA,R,3807
TTG,L,73863
CTT,L,66535
TCC,S,27324
ACC,T,54010
TTT,F,235022
GCC,A,22854
TAT,Y,212001
CTC,L,22768
GGT,G,226236
CCC,P,8004
AGC,S,17382
GTA,V,93123
GGG,G,6631
GTC,V,22871
ACG,T,7137
GCT,A,69834
CGT,R,40345
AAA,K,456013
AAG,K,81249
TGG,W,50945
TGT,C,89291
CAC,H,18314
CCG,P,3687
AGG,R,9906
ATA,I,152087
TAC,Y,36425
GCG,A,4284
GTG,V,16142
TAG,-,818
TAA,-,11596
TGA,-,791